PearsonR,PValue,Sample
0.7004390482196003,0.0,GM12878.stranded.ENCFF985TNZ.ENCFF892WMR
0.6417702676619101,0.0,GM12878.stranded.ENCFF037DUE.ENCFF078ATR
0.7300213543191005,0.0,GM12878.stranded.ENCFF164VLA.ENCFF074SXQ
0.7336989436922787,0.0,GM12878.stranded.ENCFF182LTN.ENCFF546NVF
