PearsonR,PValue,Sample
0.7280770253571904,0.0,K562.stranded.ENCFF040DXX.ENCFF777EAJ
0.7389972545273433,0.0,K562.stranded.ENCFF006DQI.ENCFF964BAP
0.7125903009787937,0.0,K562.stranded.ENCFF097ASF.ENCFF528VFJ
0.740563224347755,0.0,K562.stranded.ENCFF336COA.ENCFF829PNJ
