PearsonR,PValue,Cell_Line
0.9342698704977543,0.0,GM12878
0.8919241743506925,0.0,K562
