PearsonR,PValue,Sample
0.15351860845233872,3.2194012994197494e-86,GM12878.stranded.ENCFF037DUE.ENCFF078ATR
0.19472194363148018,1.5926636011328566e-138,GM12878.stranded.ENCFF164VLA.ENCFF074SXQ
0.19337095342287186,1.3376072015470226e-136,GM12878.stranded.ENCFF182LTN.ENCFF546NVF
0.17574390383006427,8.35540053218804e-113,GM12878.stranded.ENCFF985TNZ.ENCFF892WMR
